,,,"Collection in progress by Jeremy Pressman (@djpressman, U of Connecticut) and Erica Chenoweth (@EricaChenoweth, U of Denver). ",,,,,,
,,,"With thanks to Rivera Sun, Sarah Syverson, & many others for assistance compiling sources.",,,,,,
,,,"To submit additional information, please use this form: https://goo.gl/forms/PmLax1SUfUnQ0ftd2",,,,,,
,,,,,,,,,
,State/Territory,Country,Estimate1 (low),Estimate2 (high),Estimate3,Not 1/21,Source1,Source2,Source3
Total US,,,"3,336,865","4,633,725",,,,,
"Abilene, TX",TX,US,200,200,,,http://www.reporternews.com/story/news/local/2017/01/21/hundreds-march-abilene-city-hall-womens-rights/96858224/,,
"Accident, MD",MD,US,54,54,,,Twitter; on-site witness ,,
"Adak, AK",AK,US,10,10,,,adn.com,,
"Adrian, MI",MI,US,130,150,,,https://www.facebook.com/events/847360115406578/,http://www.lenconnect.com/news/20170122/marches-in-adrian-across-country-express-distaste-for-new-leader,
"Ajo, AZ",AZ,US,250,250,,,https://www.facebook.com/plugins/post.php?href=https%3A%2F%2Fwww.facebook.com%2Fwomenactnow%2Fposts%2F316622398732847&width=500,,
"Alameda, CA",CA,US,8,8,,,FB,,
"Alamosa, CO",CO,US,350,350,,,https://twitter.com/zepol/status/823234973935239172,,
"Albany, CA",CA,US,500,500,,,https://twitter.com/ben_silverman/status/823032391841132545,Albany PD (reported via google form),
"Albany, NY",NY,US,"7,000","9,000",,,http://www.timesunion.com/local/article/Albany-activists-Inaugurate-Resistance-on-10873758.php,FB,
"Alexandria, VA",VA,US,17,17,,,https://twitter.com/TinaPStacy/status/823226044643680257,,
"Albuquerque, NM",NM,US,"3,000","20,000",,,http://www.koat.com/article/thousands-fill-civic-plaza-for-womens-rally/8626736,https://twitter.com/PatDavisNM/status/822931494662389760,https://twitter.com/AthertonKD/status/823215168423235584
"Almanor West, CA",CA,US,4,4,,,eyewitness; picture,,
"Alpine, TX",TX,US,96,96,,,https://twitter.com/sarahmvasquez/status/823189717659176960,,
"Amarillo, TX",TX,US,600,600,,,https://www.texastribune.org/2017/01/21/thousands-expected-participate-texas-womens-marche/,,
"Amelia Island, FL",FL,US,700,"1,300",,,http://www.firstcoastnews.com/news/womens-march-makes-its-way-to-the-first-coast/389706372,https://twitter.com/wideofthepost/status/823077871795261440,
"Anacortes, WA",WA,US,,,,200,http://www.goskagit.com/skagit/hundreds-participate-in-anacortes-women-s-march/article_4117590e-285b-565e-acd0-1ea4e7826160.html,,
"Anchorage, AK",AK,US,"2,000","3,000",,,https://www.adn.com/alaska-news/2017/01/21/large-crowd-attends-womens-march-on-anchorage-in-solidarity-with-national-events/,https://twitter.com/julia_omalley/status/822905531316649984,
"Ann Arbor, MI",MI,US,"11,000","11,000",,,http://www.mlive.com/news/ann-arbor/index.ssf/2017/01/more_than_6000_flood_streets_o.html,,
"Annapolis, MD",MD,US,"1,600","1,600",,,http://www.capitalgazette.com/news/annapolis/ph-ac-cn-annapolis-womens-march-0122-20170121-story.html,,
"Arlington, VA",VA,US,,,,,,,
"Asbury Park, NJ",NJ,US,"6,000","6,000",,,https://twitter.com/JuliaJHobbs/status/822955160116793344,,
"Asheville, NC",NC,US,"7,000","10,000",,,http://wlos.com/news/local/photo-gallery-the-womens-march-on-asheville,http://wlos.com/news/local/photo-gallery-the-womens-march-on-asheville,
"Ashland, OR",OR,US,"6,000",8000,,,http://www.mailtribune.com/news/20170121/voices-from-crowd,http://ijpr.org/post/southern-oregon-womens-march-draws-big-crowd#stream/0,
"Aspen, CO",CO,US,"1,000",1000,,,https://twitter.com/SarahGoTrillIum/status/823018327316566016,,
"Astoria, OR",OR,US,100,1000,,,http://www.dailyastorian.com/Local_News/20170121/hundreds-march-in-astoria-to-counter-trump,,
"Athens, GA",GA,US,700,5000,,,http://onlineathens.com/slideshow/2017-01-21/photos-athens-womens-march#slide-1,FB,
"Atlanta, GA",GA,US,"60,000",63000,,,http://www.ajc.com/news/state--regional-govt--politics/new-police-estimate-000-atlanta-the-march-continues-the-capitol/PlaULPX2mykkjcHk799zLP/,http://www.nbcnews.com/storyline/inauguration-2017/women-s-marches-held-around-world-solidarity-d-c-protest-n710331,
"Augusta, GA",GA,US,600,600,,,http://chronicle.augusta.com/news/2017-01-21/hundreds-participate-augusta-solidarity-march,,
"Augusta, ME",ME,US,"10,000",10000,,,http://bangordailynews.com/2017/01/21/news/state/marchers-flock-to-maine-cities-to-stand-up-to-trump/,,
"Austin, TX",TX,US,"30,000","50,000",,,"http://kut.org/post/tens-thousands-participate-womens-march-austin
",http://www.statesman.com/news/local/police-000-attended-women-march-austin/QB7NhwYSb5gPb1bgooFcFI/,
"Avalon, CA",CA,US,44,44,,,https://twitter.com/lisakate111/status/823018370094071808,,
"Bainbridge Island, WA",WA,US,200,350,,,onsite eyewitness; headcount,onsite eyewitness; headcount,
"Baltimore, MD",MD,US,"5,000",5000,,,http://www.baltimoresun.com/news/maryland/bs-md-baltimore-sister-march-20170121-story.html,,
"Bandon, OR",OR,US,70,70,,,FB,,
"Bayfield, WI",WI,US,427,427,,,FB,,
"Beaumont, TX",TX,US,300,300,,,FB,,
"Beaver, PA",PA,US,100,130,,,onsite eyewitness; headcount,,
"Bellingham, WA",WA,US,"5,000",6000,"10,000",,https://t.co/iyjFHSXHEq,https://t.co/iyjFHSXHEq,https://www.facebook.com/rivera.sun.3?fref=nf&pnref=story.unseen-section
"Bemidji, MN",MN,US,250,500,,,http://www.mprnews.org/story/2017/01/21/photos-around-minnesota-women-and-men-march-for-womens-rights,,
"Bend, OR",OR,US,"5,000","5,000",,,http://www.ktvz.com/news/thousands-march-in-bend-to-protest-trump-policies/284779764,,
"Bentonville, AR",AR,US,300,600,,,onsite eyewitness; headcount,,
"Berkeley, CA",CA,US,200,"1,000",,,http://www.dailycal.org/2017/01/21/berkeley-community-joins-millions-around-world-participating-womens-marches/,Eyewitness w/ photos,
"Bethel, AK",AK,US,40,80,,,https://www.adn.com/slideshow/visual/2017/01/21/thousands-hit-the-streets-for-womens-march-events-in-alaska/,http://kyuk.org/post/slideshow-bethel-protesters-march-solidarity-women-worldwide#stream/0,
"Bethlehem, PA",PA,US,500,500,,,http://www.mcall.com/news/breaking/mc-women--march-20170121-story.html,,
"Bettendorf, IA",IA,US,800,800,,,http://www.ourquadcities.com/news/qc-equality-rally-packs-local-union-hall/643846922,,
"Beverly Hills, CA",CA,US,250,300,,,onsite eyewitness; headcount w photos via google form,,
"Binghamton, NY",NY,US,"2,000","3,000",,,FB,http://www.pressconnects.com/story/news/local/new-york/2017/01/21/thousands-protest-trump-agenda-binghamton-womens-march/96887770/,
"Birmingham, AL",AL,US,"5,000",10000,,,http://www.al.com/news/birmingham/index.ssf/2017/01/thousands_parade_through_birmi.html#incart_river_mobileshort_home,https://twitter.com/JackJacobs_/status/822938968073404416,
"Bishop, CA",CA,US,600,600,,,FB,,
"Bismarck, ND",ND,US,500,500,,,http://www.grandforksherald.com/news/4203619-larger-expected-nd-capitol-womens-march-calls-solidarity,http://www.inforum.com/news/4203619-larger-expected-nd-capitol-womens-march-calls-solidarity,
"Black Mountain, NC",NC,US,400,400,,,FB,,
"Bluff, UT",UT,US,48,48,,,onsite eyewitness with headcount via google form,,
"Bloomsburg, PA",PA,US,40,60,,,https://twitter.com/MzHokie/status/823054470728810496,https://twitter.com/t_l_d_a/status/823253795345993728,
"Boise, ID",ID,US,"5,000",5000,,,http://www.idahostatesman.com/news/local/article127913309.html,,
"Borrego Springs, CA",CA,US,140,150,,,onsite eyewitness who did headcount,,
"Boston, MA",MA,US,"175,000","175,000",,,http://whdh.com/news/175000-rally-on-boston-common-for-womens-march/,http://www.bostonglobe.com/metro/2017/01/21/thousands-protesters-expected-join-boston-women-march-saturday/uAWNwH9R5FHltkqyQNzeFL/story.html,
"Bozeman, MT",MT,US,13,13,,,https://twitter.com/MadamHerpadurp/status/823031787211235328,onsite eyewitness vis google form with photo + headcount,
"Breen, CO",CO,US,1,1,,,via email (JP),,
"Brighton, MI",MI,US,300,300,,,Livingston Daily Press & Argus,,
"Brattleboro, VT",VT,US,250,250,,,FB,,
"Brookings, OR",OR,US,250,300,,,FB,,
"Brownsville, TX",TX,US,300,390,,,http://www.brownsvilleherald.com/news/local/article_f670f8cc-e037-11e6-b9b5-9398a778b088.html,FB,
"Brunswick, ME",ME,US,300,300,,,Press Herald,,
"Buffalo, NY",NY,US,"2,500","3,000",,,http://www.wgrz.com/mb/news/local/hundreds-gather-in-buffalo-for-womens-march/389611887,http://www.wgrz.com/mb/news/local/hundreds-gather-in-buffalo-for-womens-march/389611887,
"Burbank, CA",CA,US,300,300,,,myburbank.com,,
"Burns, OR",OR,US,20,20,,,FB,,
"Burnsville, NC",NC,US,,,,,,,
Cambridge,MN,US,22,22,,,FB,,
"Canton, NY",NY,US,135,135,,,https://twitter.com/matt_carotenuto/status/823121233659174912,,
"Cape Henlopen, DE",DE,US,250,250,,,http://www.capegazette.com/article/peaceful-march-along-lewes-beach-takes-stand-women’s-rights/124227,http://www.capegazette.com/article/peaceful-march-along-lewes-beach-takes-stand-women’s-rights/124227,
"Carbondale, CO",CO,US,200,650,,,http://www.postindependent.com/priority/main-carousel/women-march-in-colorado-dc-around-world-to-resist-trump/,FB,
"Carbondale, IL",IL,US,"1,000","1,000",,,http://thesouthern.com/news/local/communities/carbondale/hundreds-gather-in-carbondale-to-march-for-human-rights/article_616ca5a9-dd07-57da-9a8e-ee3a9317bd05.html,,
"Carmel, CA",CA,US,,,,,,,
"Casper, WY",WY,US,700,"1,000",,,https://pitchengine.com/oilcity/2017/01/21/caspers-womens-march--from-above/002519172678172300726,https://pitchengine.com/oilcity/2017/01/21/caspers-womens-march--from-above/002519172678172300726,
"Cedaredge, CO",CO,US,,,,,,,
"Champaign, IL",IL,US,"5,000","5,800",,,http://www.news-gazette.com/news/local/2017-01-21/womens-march-champaign.html,https://twitter.com/DucoLaw/status/823245457472290816,
"Charleston, SC",SC,US,"2,000","2,000",,,http://www.postandcourier.com/news/unity-activism-and-empowerment-at-charleston-women-s-march-where/article_34b81c38-dffb-11e6-9c2e-f30b0dc420c4.html,,
"Charleston, WV",WV,US,"2,800","3,000",,,http://www.wvgazettemail.com/news-politics/20170121/nearly-3000-march-for-women-at-wv-capitol,http://www.wvgazettemail.com/news-politics/20170121/nearly-3000-march-for-women-at-wv-capitol,
"Charlotte, NC",NC,US,"10,000","10,000",,,http://www.charlotteobserver.com/news/local/article127914684.html,,
"Charlottesville, VA",VA,US,"2,500","2,500",,,FB,,
"Chattanooga, TN",TN,US,"1,000","3,000",,,http://www.timesfreepress.com/news/local/story/2017/jan/21/women-march-chattanooga-protest-trump-election/408743/,FB,
"Chelan, WA",WA,US,400,470,,,local media reported via Google form,FB,
"Chesapeake Bay, MD",MD,US,1,1,,,FB,,
"Cheyenne, WY",WY,US,"1,500","2,000",,,http://kgab.com/1500-2000-turn-out-for-cheyenne-womens-march/,,
"Chicago, IL",IL,US,"250,000","250,000",,,http://www.chicagotribune.com/news/ct-womens-march-chicago-0122-20170121-story.html,,
"Chico, CA",CA,US,"1,000","3,000",,,FB,https://twitter.com/pamboy712/status/823196047497248769,Chico Enterprise Record
"Chillicothe, OH",OH,US,"1,000","1,000",,,https://twitter.com/JeffTClinton/status/822999960765530113,,
"Cincinnati, OH",OH,US,"5,000","10,000",,,http://www.wlwt.com/article/thousands-fill-washington-park-as-part-of-nationwide-equal-rights-movement/8625720,FB,
"Clare, MI",MI,US,24,24,,,http://www.themorningsun.com/general-news/20170121/hope-strength-unity-topics-at-the-clare-peoples-rally,,
"Clemson, SC",SC,US,500,500,,,http://www.independentmail.com/story/news/local/south-carolina/2017/01/21/clemson-march-draws-500-support-womens-rights/96886286/,,
"Cleveland, OH",OH,US,"15,000",15000,,,http://www.cleveland.com/metro/index.ssf/2017/01/womens_march_on_cleveland_a_vo.html#incart_big-photo,,
"Cobb, CA",CA,US,2,2,,,FB,,
"Cobleskill, NY",NY,US,300,300,,,FB,,
"Cody, WY",WY,US,500,500,,,Colorado Springs Gazette,,
"College Station, TX",TX,US,50,50,,,http://www.kbtx.com/content/news/College-Station-group-holds-womens-march--411430985.html,http://www.theeagle.com/news/local/dozens-turn-out-for-women-s-march-at-texas-a/article_c3720eee-563f-5b4f-abfc-bf066330073b.html,
"Colorado Springs, CO",CO,US,"7,000",7000,,,http://gazette.com/thousands-march-in-colorado-springs-in-protest-a-day-after-president-trumps-inauguration/article/1594846,FB,
"Columbia, MO",MO,US,"3,000",3604,,,Missourian,https://twitter.com/aliemalie/status/823031663592669184,
"Columbia, SC",SC,US,"2,000",2000,,,http://www.heraldonline.com/latest-news/article127939199.html,,
"Columbus, OH",OH,US,,,,"2,000",http://wksu.org/post/womens-march-columbus-draws-thousands-people#stream/0,,
"Compton, CA",CA,US,,,,,,,
"Concord, NH",NH,US,"6,000",6000,,,https://twitter.com/LenStuart/status/822934229671673861,,
"Conover, WI",WI,US,1,1,,,FB,,
"Cooperstown, NY",NY,US,200,200,,,http://www.allotsego.com/women-allies-march-across-otsego-county/,,
"Coos Bay, OR",OR,US,200,200,,,http://theworldlink.com/news/local/hundreds-rally-at-women-s-march-in-downtown-coos-bay/article_997db7f0-b921-5aef-8e37-5945831c8400.html,,
"Copper Harbor, MI",MI,US,19,19,,,https://twitter.com/LlrCandy/status/823050874305921024,,
"Cordova, AK",AK,US,108,114,,,onsite eyewitness who did headcount,,
"Corpus Christi, TX",TX,US,24,24,,,http://www.kristv.com//story/34315427/corpus-christi-womens-march#.WIRF0H0kfZo.twitter,,
"Cortez, CO",CO,US,400,504,,,http://www.cortezjournal.com/article/20170121/NEWS01/170129975/400-march-through-snow-in-Cortez-unity-demonstration,http://www.cortezjournal.com/article/20170121/NEWS01/170129975/400-march-through-snow-in-Cortez-unity-demonstration,
"Corvallis, OR",OR,US,100,100,,,FB,,
"Crested Butte, CO",CO,US,350,400,,,https://twitter.com/jcgreenfield/status/823228054864596993,https://www.facebook.com/photo.php?fbid=10154954212529621&set=a.10150925891014621.437150.621714620&type=3&theater,
"Crestone, CO",CO,US,1,1,,,FB,,
"Dallas, TX",TX,US,"5,000",8000,"10,000",,http://www.dallasnews.com/news/dallas/2017/01/21/watch-dallas-womens-march-kicks-downtown,http://www.dallasnews.com/news/dallas/2017/01/21/watch-dallas-womens-march-kicks-downtown,FB
"Dayton, OH",OH,US,"3,000",3000,,,http://www.mydaytondailynews.com/news/local/thousands-rally-dayton-part-women-march-events/ZlU3xaMQAph01LyLEZPs4H/,,
"Daytona Beach, FL",FL,US,100,100,,,http://www.news-journalonline.com/news/20170121/signs-of-solidarity-women-take-part-locally-in-two-sister-marches,,
"Decorah, IA",IA,US,300,800,,,onsite eyewitness who did headcount,,
"Delhi, NY",NY,US,50,120,,,instagram #delhiny,https://www.facebook.com/groups/pantsuitnation/search/?query=women%27s%20march%20in%20delhi,
"Deming, NM",NM,US,45,50,,,http://www.demingradio.com/news/local-group-marches-in-solidarity-with-womens-march-on-washington,,
"Denton, TX",TX,US,"2,500",2800,,,http://www.dentonrc.com/local-news/local-news-headlines/20170121-divided-nation-united-denton.ece,FB (organizer site),
"Denver, CO",CO,US,"200,000",200000,,,http://www.denverpost.com/2017/01/21/women-march-denver-numbers-equality-rights/,https://twitter.com/DenverChannel/status/822879895487475712 ,
"Des Moines, IA",IA,US,"26,000","26,000",,,http://whotv.com/2017/01/21/thousands-rally-at-iowa-state-capitol-for-womens-march-against-trump/,,
"Detroit, MI",MI,US,4000,4000,,,http://www.detroitnews.com/story/news/local/detroit-city/2017/01/21/thousands-march-detroit-opposing-trump-presidency/96880054/,,
Disability (online),,US,,,,,,,
"Douglas-Saugatuck, MI",MI,US,"1,200","2,500",,,via email JP,https://bicyclebasefennville.wordpress.com/2017/01/21/douglas-saugatuck-join-worldwide-womens-march ,
"Doylestown, PA",PA,US,"1,000","1,000",,,https://twitter.com/JimAleski/status/823025384748974080,Bucks County Courier Times,
"Driggs, ID",ID,US,"1,000","1,000",,,http://planetjh.com/2017/01/21/in-pictures-the-womens-march-on-jackson/,,
"Dubuque, IA",IA,US,400,400,,,channel 13 whotv.com,,
"Duluth, MN",MN,US,"1,500","1,500",,,Duluth News Tribune,,
"Durango, CO",CO,US,"1,000","1,000",,,FB,,
"Eagle Pass, TX",TX,US,,,,,,,
"East Haddam, CT",CT,US,500,500,,,https://twitter.com/ColleenFree/status/823159668541366273,,
"Eastport, ME",ME,US,70,70,,,FB,,
"Eastsound, WA",WA,US,250,250,,,http://orcasissues.com/orcas-step-worldwide-marches/,,
"Eau Claire, WI",WI,US,250,250,,,http://www.weau.com/content/news/Hundreds-march-in-Eau-Claire-to-support-Womens-March-411425375.html,,
"El Paso, TX",TX,US,"1,000","2,000",,,https://twitter.com/AdriaKFOX_CBS/status/822987688689078272,http://www.kvia.com/news/politics/thousands-of-women-march-in-borderland-for-their-rights/285015803,
"Elgin, IL",IL,US,200,"1,000",,,The Courier News,https://twitter.com/georgerapidis/status/823234390255878146,
"Elkton, OR",OR,US,,,,,,,
"Ellsworth, ME",ME,US,60,60,,,https://twitter.com/UpFrontSoul/status/823162970633015300,,
"Ely, MN",MN,US,50,50,,,http://elyecho.com/articles/2017/01/21/ely-area-women-hold-rally-saturday-whiteside-park,,
"Encinitas, CA (Seacrest)",CA,US,50,50,,,http://www.nbcsandiego.com/news/local/This-is-a-Little-One-Seniors-Walk-in-Solidarity-With-the-Womens-March-411446085.html,,
"Ephrata, WA",WA,US,250,250,,,FB,,
"Erie, PA",PA,US,"2,500","2,500",,,http://www.goerie.com/news/20170121/thousands-demonstrate-in-womens-march-on-erie,,
"Eugene, OR",OR,US,"7,000","10,000",,,http://registerguard.com/rg/news/local/35195183-75/more-than-7000-participate-in-womens-march-in-eugene-joining-hundreds-of-thousands-around-the-nation.html.csp,https://twitter.com/erinely/status/822965859194793985,
"Eureka, CA",CA,US,"5,000","8,000",,,https://lostcoastoutpost.com/2017/jan/21/hundreds-flood-eurekas-streets-solidarity-womens-m/,http://www.times-standard.com/general-news/20170121/thousands-gather-for-womens-march-on-eureka,
"Fairbanks, AK",AK,US,"2,000","2,000",,,http://www.newsminer.com/news/local_news/gather-in-subzero-fairbanks-weather-for-women-s-march/article_239e5470-e01f-11e6-a089-7f4103a02ed3.html,,
"Fairfax, CA",CA,US,25,60,,,https://twitter.com/contraryAshley/status/823271784694747136,onsite eyewitness per google form,
"Fairfield, IA",IA,US,200,200,,,FB,,
"Fairmont, WV",WV,US,95,95,,,FB photo of marchers,,
"Falmouth, MA",MA,US,"1,000","1,000",,,https://twitter.com/DaveMcGlinchey/status/823023657266114564,,
"Fargo, ND",ND,US,"1,000","3,000",,,FB,Twitter (@FargoUGND),
"Fayetteville, AR",AR,US,"1,000","1,000",,,FB,,
"Fernandina Beach, FL",FL,US,1000,1300,,,http://www.fbnewsleader.com/news/womens-march-fernandina-beach,https://twitter.com/RadiantAstro/status/823164932980178945,
"Flagstaff, AZ",AZ,US,1200,1200,,,http://www.azcentral.com/story/news/local/phoenix/2017/01/21/phoenix-womens-march-sister-washington-capitol/96849890/,,
"Florence, OR",OR,US,300,300,,,https://twitter.com/texdakota/status/823256159989604353,,
"Floyd, VA",VA,US,200,200,,,FB,,
"Forks, WA",WA,US,45,45,,,FB,,
"Fort Atkinson, MN",MN,US,200,200,,,http://www.dailyunion.com/multimedia/collection_ef47d9e2-e016-11e6-acfe-3fc05da771cb.html,,
"Fort Bragg, CA",CA,US,2500,2800,,,https://vimeo.com/200537363,"KOZT radio report that they counted over 2,800 people",https://www.facebook.com/FortBraggAdvocateNews/posts/1422203641137859
"Fort Sumner, NM",NM,US,,,,,,,
"Fort Wayne, IN",IN,US,1000,1000,,,http://www.journalgazette.net/news/local/Thousand-drawn-to-local-protest-17399065,,
"Fort Worth, TX",TX,US,5000,6000,9000,,https://twitter.com/JillianEMcClure/status/822928537627795457,twitter,
"Francestown, NH",NH,US,134,134,,,http://www.unionleader.com/Francestown-holds-peaceful-womens-march,,
"Frederick, MD",MD,US,"1,000","1,000",,,http://www.fredericknewspost.com/news/politics_and_government/hundreds-descend-on-downtown-frederick-for-sister-march/article_2445f10a-8356-5787-ade1-95e208c97c9b.html,,
"Fredonia, NY",NY,US,70,70,,,http://chautauquatoday.com/news/details.cfm?clientid=25&id=234985#.WIT2YbYrLVo,,
"Fresno, CA",CA,US,"2,000","2,000",,,http://www.fresnobee.com/news/local/article128014199.html#storylink=cpy,,
"Friday Harbor, WA",WA,US,"1,500","1,500",,,http://sanjuanislander.com/photos/event-photos/slideshow-jan-21-women-s-march-in-friday-harbor,,
"Gainesville, FL",FL,US,"1,500","1,500",,,http://www.gainesville.com/news/20170121/about-1500-join-womens-march-in-gainesville,,
"Galesburg, IL",IL,US,100,500,,,http://tspr.org/post/western-illinois-march-women,http://www.galesburg.com/news/20170121/nearly-500-march-in-solidarity-around-downtown-galesburg,
"Gila, NM",NM,US,1,1,,,FB,,
"Glens Falls, NY",NY,US,"1,000","1,000",,,FB,,
"Glenwood Springs, CO",CO,US,100,100,,,https://twitter.com/SarahGoTrillIum/status/823018327316566016,,
"Gold Canyon, AZ",AZ,US,,,,,,,
"Gouldsboro, ME",ME,US,25,45,,,https://twitter.com/UpFrontSoul/status/823162970633015300,https://www.facebook.com/dorcaslibrary,
"Grand Forks, ND",ND,US,304,304,,,http://www.grandforksherald.com/news/4203526-hundreds-attend-grand-forks-event-inspired-national-womens-march,,
"Grand Junction, CO",CO,US,"4,500","5,000",,,FB (from on-site source),,
"Grand Marais, MN",MN,US,100,100,,,https://twitter.com/bryanhansel/status/823244421185630208,,
"Grand Rapids, MI",MI,US,300,300,,,http://woodtv.com/2017/01/21/hundreds-rally-in-grand-rapids-for-womens-rights/,,
"Grants Pass, OR",OR,US,1,1,,,FB,,
"Green Bay, WI",WI,US,200,200,,,http://www.greenbaypressgazette.com/story/news/2017/01/21/green-bay-womens-march/96782676/?hootPostID=6979db0a7bd407815831ee0e0e039277,,
"Green Valley, AZ",AZ,US,400,400,,,Green Valley News,,
"Greenfield, MA",MA,US,"1,000","2,000",,,FB,http://www.recorder.com/Thousands-fill-Town-Common-for-women-s-rally-7616382,
"Greensboro, NC",NC,US,"3,000","6,000",,,http://myfox8.com/2017/01/21/2800-people-attend-womens-march-in-greensboro/,,
"Greenville, SC",SC,US,"2,000","2,000",,,http://www.greenvilleonline.com/story/news/2017/01/21/womens-rally-fills-falls-park-amid-worldwide-protests/96889616/,,
"Greenwood, IN",IN,US,,,,,,,
"Gross Pointe, MI",MI,US,"1,143",1300,,,https://www.facebook.com/photo.php?fbid=10210356424360030&set=a.3839839387551.2159182.1025029153&type=3&theater,Low estimate is from a headcount at the startpoint. Additional marches joined along route. Onsite eyewitness.,
"Gualala, CA",CA,US,203,300,,,onsite source via google form,https://www.facebook.com/eddie.berger.3/videos/1314134975318501/,
"Gulfport, MS",MS,US,300,300,,,FB,,
"Gustavus, AK",AK,US,105,105,,,FB,,
"Hagatna, Guam",GM,US,150,150,,,FB,,
"Haines, AK",AK,US,150,170,,,onsite source via FB,https://www.facebook.com/vivien.low.1/posts/10154931219449431,
"Halfway, OR",OR,US,31,31,,,onsite sources via google form w photos showing headcount,,
"Harrisburg, PA",PA,US,"1,100","1,100",,,http://www.pennlive.com/news/2017/01/harrisburg_version_of_womens_m.html#incart_river_mobile_home_pop,,
"Harrisville, MI",MI,US,5,5,,,https://twitter.com/nowosadwoman/status/823223865086267392,,
"Hartford, CT",CT,US,"10,000","10,000",,,http://www.courant.com/news/connecticut/hc-hartford-inauguration-rally-20170121-story.html,,
"Hattiesburg, MS",MS,US,,,,,,,
"Helena, AR",AR,US,2,2,,,FB,,
"Helena, MT",MT,US,"10,000","10,000",,,http://helenair.com/news/local/montana-women-s-march-draws-an-estimated/article_d04ff8b8-4f77-5e8f-b683-2941b39d4276.html,http://www.bozemandailychronicle.com/news/politics/thousands-rally-in-helena-for-human-rights-equality/article_11b79d6b-d5a9-519f-a51b-1dec07278c95.html,
"Hemet, CA",CA,US,98,98,,,onsite headcount via sign-in sheets,,
"Hilo, HI",HI,US,"1,500",2200,,,http://www.hawaiitribune-herald.com/news/local-news/heeding-rallying-call-more-1000-attend-hilo-women-s-march,Big Island Now,
"Hillsborough, NC",NC,US,200,200,,,Herald Sun,,
"Homer, AK",AK,US,900,900,,,FB,,
Honolulu (Oahu) HI,HI,US,"3,000","8,000",,,http://www.staradvertiser.com/2017/01/21/breaking-news/thousands-march-around-state-capitol-in-show-of-solidarity/,http://www.kitv.com/story/34314442/close-to-8000-come-out-to-womens-march-in-honolulu,
"Hood River, OR",OR,US,50,50,,,Headcount based on photos from event on FB,,
"Houghton, MI",MI,US,500,500,,,http://www.uppermichiganssource.com/content/news/Houghton-marchers-for-womens-rights-411431685.html,,
"Houston, TX",TX,US,"20,000","22,000",,,http://www.chron.com/news/houston-texas/article/Tweets-from-the-Houston-Women-s-march-10873983.php,,
"Hudson, NY",NY,US,"2,000","3,000",,,http://m.registerstar.com/news/article_d498a278-e054-11e6-a01b-dfe6701814de.html?mode=jqm,https://twitter.com/imbycentral/status/823216590472744961,
"Huntsville, AL",AL,US,80,110,,,onsite headcount per google form,https://www.facebook.com/events/302463503484733/permalink/304754253255658/,
"Idaho Falls, ID",ID,US,500,500,,,http://www.eastidahonews.com/2017/01/500-people-attend-womens-march-idaho-falls/,,
"Indiana, PA",PA,US,100,200,,,http://wdadradio.com/downtown-indiana-site-of-march-connected-to-dc-march-for-women/,https://twitter.com/PghQuilter/status/823171066864476160,
"Indianapolis, IN",IN,US,"4,000","10,000",,,https://twitter.com/rafkhach/status/822930702643720193,https://twitter.com/rafkhach/status/822930702643720193,
"Inverness, CA",CA,US,5,5,,,FB,,
"Iowa City, IA",IA,US,"1,000","1,000",,,http://www.desmoinesregister.com/story/news/2017/01/21/nearly-1000-people-join-womens-march-iowa-city/96889784/,,
Issaquah,WA,US,56,56,,,FB,,
"Ithaca, NY",NY,US,"10,000","10,000",,,https://twitter.com/cornellsun/status/822868186672537602,,
"Jackson, NH",NH,US,300,300,,,https://twitter.com/ConwayDailySun/status/822886300013490180,,
"Jackson, MS",MS,US,750,5000,,,https://twitter.com/FBrownWilliams/status/823037789113565184,https://twitter.com/nlanderson/status/822929767318093824,
"Jackson Hole, WY",WY,US,"1,000","1,000",,,http://planetjh.com/2017/01/21/in-pictures-the-womens-march-on-jackson/,,
"Jacksonville, FL",FL,US,"2,000","3,000",,,http://jacksonville.com/metro/2017-01-09/local-marchers-show-solidarity-national-women-s-protest,,
"Jerome, AZ",AZ,US,85,100,,,onsite headcount via google form,,
"Jonesborough, TN",TN,US,1000,1000,,,http://www.johnsoncitypress.com/gallery/Women-s-March-in-Jonesborough-GALLERY,,
"Joseph, OR",OR,US,310,310,,,FB,,
"June Lake, CA",CA,US,,,,,,,
"Juneau, AK",AK,US,1000,1000,,,http://juneauempire.com/slideshow/news/2017-01-21/slideshow-juneau-marches-force#slide-1,,
"Kalamazoo, MI","MI
",US,"1,000","1,000",,,http://www.mlive.com/news/kalamazoo/index.ssf/2017/01/more_than_1000_people_march_in.html,,
"Kanab, UT",UT,US,175,175,,,FB,,
"Kansas City, MO",MO,US,"10,000","10,000",,,FB,,
"Kauai, HI",HI,US,,,,,see Lihue,,
Kaunakakai (Molokai),HI,US,200,200,,,eyewitness account,,
"Kawaihae, HI",HI,US,50,50,,,http://bigislandnow.com/2017/01/21/na-wahine-for-womens-rights-march-on-the-water/,,
"Keene, NH",NH,US,300,300,,,http://www.sentinelsource.com/news/local/area-march-draws-crowd-of-more-than/article_7de8951d-180d-5791-b3ba-c1e623115227.html,,
"Kennebunk, ME",ME,US,400,700,,,"eyewitness acct
",FB,
"Kent, CT",CT,US,180,180,,,https://twitter.com/jahansell/status/823009339174780928,,
"Kent, OH",OH,US,100,100,,,https://twitter.com/KabirBhatiaTime/status/822899486171234305,,
"Ketchikan, AK",AK,US,150,200,,,https://twitter.com/polarscribe/status/822999640291184640,,
"Ketchum, ID",ID,US,"1,150","1,150",,,http://www.kmvt.com/content/news/More-than-1000-people-march-for-womens-rights-in-Ketchum-411436945.html,,
"Key West, FL",FL,US,"3,200","3,200",,,http://wlrn.org/post/thousands-march-key-west-sea-sea,,
"Killington, VT",VT,US,51,112,,,onsite eyewitness did headcount per google form,,
"King's Beach, CA",CA,US,500,800,,,https://www.facebook.com/events/162590090881293/permalink/197233190750316/,,
"Kingston, WA",WA,US,60,60,,,http://www.kitsapdailynews.com/news/group-engages-in-civil-informationing-in-support-of-womens-march/,,
"Klamath Falls, Oregon",OR,US,300,300,,,https://twitter.com/dawnalbright/status/823006341987827713,,
"Knoxville, TN",TN,US,"2,000","2,000",,,FB,,
"Kodiak, AK",AK,US,335,400,,,onsite eyewitness did signature count for 335 per google form; many did not sign in,https://www.facebook.com/events/1327893173936976/?active_tab=discussion,
"Kona, HI",HI,US,"3,000","3,500",,,Big Island Video News,https://twitter.com/OccupyDisabled/status/823046051867131905,http://www.westhawaiitoday.com/news/local-news/women-s-march-draws-massive-crowd-kona
"Kotzebue, AK",AK,US,35,36,,,FB photo w headcount per google form,https://jackpineradicals.com/boards/topic/womens-march-in-kotzebue-alaska/,
"La Crosse, WI",WI,US,76,100,100,,FB group,report via google form,
"La Grande, OR",OR,US,104,250,,,FB group,"report via google form, citing La Grande Observer",
"Lafayette, CO",CO,US,66,112,,,FB group,eyewitness via google form with photos + headcount,
"Lafayette, IN",IN,US,800,"1,000",,,http://www.jconline.com/story/news/2017/01/21/lafayette-womens-march-turns-out-800/96790444/,FB,
"Laguna Beach, CA",CA,US,"3,500","3,500",,,FB,,
"Lakeside, OH",OH,US,300,300,,,http://www.sanduskyregister.com/story/201701210015,,
"Lakeville, CT",CT,US,85,100,,,eyewitness,,
"Lancaster, NH",NH,US,400,400,,,FB,,
"Lancaster, PA",PA,US,100,100,,,http://lancasteronline.com/news/local/hundreds-rally-in-penn-square-for-women-s-rights/article_5dcec858-dfe5-11e6-b8fe-4368bfd596b1.html,,
"Lander, WY",WY,US,350,350,,,https://twitter.com/thecarie/status/823042373030547456,,
"Langley, WA",WA,US,"1,300","1,300",,,FB,,
"Lansing, MI",MI,US,"10,000","10,000",,,https://twitter.com/MIRSnews/status/822939639774400514,https://twitter.com/MIRSnews/status/822876306685693952,
"Laramie, WY",WY,US,,,,,,,
"Las Cruces, NM",NM,US,100,100,,,http://www.kvia.com/news/top-stories/hundreds-gather-in-downtown-el-paso-for-womens-march/284730114,,
"Las Vegas, NV",NV,US,5000,"15,000",,,https://thenevadaindependent.com/article/thousands-expected-protest-trump-reno-las-vegas,https://thenevadaindependent.com/article/thousands-expected-protest-trump-reno-las-vegas,
"Las Vegas, NM",NM,US,50,50,,,FB,,
"Leonia, NJ",NJ,US,100,100,,,http://www.northjersey.com/story/news/local/2017/01/21/local-womens-marches-draw-far-larger-crowds-than-expected/96778300/,,
"Lexington, KY",KY,US,5000,5000,,,https://twitter.com/lexkypolice/status/822907799084683264,,
"Lewis, NY",NY,US,147,325,,,https://www.facebook.com/events/244926602586263/,eyewitness onsite via google form,
"Lewisburg, PA",PA,US,150,200,,,FB (people on site),,
Lihue (Kauai) HI,HI,US,"1,500","1,500",,,http://thegardenisland.com/news/local/attend-sign-waving-event-support-women-s-march-on-washington/article_d7188a0b-7d09-5afe-9c33-0f2e80244eda.html,,
"Lilly, PA",PA,US,4,4,,,FB,,
"Lincoln, NE",NE,US,"3,000","4,000",,,http://journalstar.com/news/local/thousands-show-up-to-support-women-s-march-on-lincoln/article_2e87f297-d977-504f-b240-0f9946a37c68.html,,
"Little Rock, AR",AR,US,"7,000","7,000",,,http://www.arkansasonline.com/news/2017/jan/21/hundreds-march-street-state-capitol-downtown-littl/?news-arkansas,,
"Logan, UT",UT,US,50,50,,,http://news.hjnews.com/allaccess/a-human-statement-valley-women-join-d-c-march-small/article_76777608-33e0-5853-8fe7-a97309cfe441.html,,
"Los Angeles, CA",CA,US,"200,000","750,000",,,http://www.latimes.com/local/lanow/la-me-womens-march-los-angeles-20170121-story.html,http://www.nbclosangeles.com/news/local/Thousands-Womens-March-Los-Angeles-411409495.html,
"Lompoc, CA",CA,US,100,100,,,http://www.ksby.com/story/34315680/womens-march-on-lompoc,http://lompocrecord.com/news/local/the-people-united-large-crowds-rally-against-hate-in-women/article_d5a60522-0df4-5ccb-996d-06b94a927a1b.h,
"Longview, WA",WA,US,200,200,,,http://tdn.com/news/local/longview-women-s-march-draws-around-people/article_824ee3c7-2905-5688-a146-148ce860874e.html,,
"Longville, MN",MN,US,67,67,,,https://twitter.com/curatress/status/822996713979912192,https://www.facebook.com/events/337150970017113/permalink/342627902802753/,https://www.mprnews.org/story/2017/01/21/photos-around-minnesota-women-and-men-march-for-womens-rights
"Louisville, KY",KY,US,"5,000","5,000",,,http://www.courier-journal.com/story/news/politics/2017/01/21/local-activists-call-social-justice/96676446/,,
"Loup City, NE",NE,US,100,150,,,http://www.nbcneb.com/content/news/March-for-equality-takes-place-in-central-Nebraska-411432745.html,on site source via FB,
"Lubbock, TX",TX,US,350,350,,,http://lubbockonline.com/local/2017-01-21/hundreds-protest-lubbock-women-s-march,,
"Lubec, ME",ME,US,95,95,,,FB,,
"Mt. Shasta, CA",CA,US,400,400,,,http://www.mtshastanews.com/photogallery/CA/20170121/PHOTOGALLERY/121009998/PH/1,,
"Mt. Laurel, NJ",NJ,US,20,20,,,https://twitter.com/KaraLogan21/status/823293332520632320,,
"Madison, WI",WI,US,"75,000","100,000",,,http://www.channel3000.com/news/mpd/284567959,,
"Mankato, MN",MN,US,50,50,,,http://www.mprnews.org/story/2017/01/21/photos-around-minnesota-women-and-men-march-for-womens-rights,,
"Marfa, TX",TX,US,76,76,,,Twitter,,
"Martha's Vineyard, MA",MA,US,100,100,,,http://www.mvtimes.com/2017/01/21/photos-womens-march-five-corners/,,
"Marquette, MI",MI,US,200,800,,,http://www.miningjournal.net/uncategorized/2017/01/hundreds-rally-for-womens-march-in-marquette/,http://www.uppermichiganssource.com/content/news/Marquette-Womens-March-draws-hundreds-of-supporters-411440915.html,
"Marquette, WI",WI,US,200,300,,,FB,,
"Maryville, IL",IL,US,40,50,,,https://twitter.com/Pretty_pittie/status/823328254014668800,,
"Kahului, Maui, HI",HI,US,"1,500",2000,,,http://mauitime.com/news/politics/photos-of-todays-womens-march-on-maui/,http://www.latimes.com/nation/la-na-pol-womens-march-live-who-started-the-march-one-1485033621-htmlstory.html,http://www.mauinews.com/page/content.detail/id/646055/
"Mayaguez, PR",PR,US,,,,,,,
"McMinnville, OR",OR,US,700,700,,,FB,Twitter,https://www.facebook.com/events/232307553886613/233443847106317/?notif_t=like&notif_id=1484980361131828
"Melbourne/Brevard County, FL",FL,US,500,500,,,FB,,
"Memphis, TN",TN,US,"3,000","9,000",,,https://t.co/unaoHXpGUT,http://wreg.com/2017/01/21/thousands-protest-downtown-for-memphis-womens-march/,
"Menomonie, WI",WI,US,200,200,,,https://twitter.com/trayf/status/823044387668193280,http://www.weau.com/content/news/Hundreds-march-in-Eau-Claire-to-support-Womens-March-411425375.html,
"Mentone, AL",AL,US,50,50,,,FB,,
"Merrill, MI",MI,US,,,,,,,
"Miami, FL",FL,US,"10,000","10,000",,,http://www.miamiherald.com/news/local/community/miami-dade/article127925999.html,,
"Miami Beach, FL",FL,US,,,,,,,
"Midland, MI",MI,US,400,400,,,http://www.mlive.com/news/saginaw/index.ssf/2017/01/midland_march.html,,
"Midland, TX",TX,US,50,50,,,cbs 7 midland,,
"Miles City, MT",MT,US,,,,,,,
"Milhelm, PA",PA,US,50,50,,,FB,,
"Milwaukee, WI",WI,US,"1,000","1,000",,,http://www.cbs58.com/story/34314179/hundreds-hit-the-streets-of-milwaukee-for-womens-march-on-washington,,
"Minneapolis, MN",MN,US,,,,,"See St Paul, MN (also see 1/20)",,
"Minocqua, WI",WI,US,300,300,,,FB,,
"Minturn, CO",CO,US,6,6,,,FB,,
"Missoula, MT",MT,US,80,110,,,http://www.kpax.com/story/34315123/womens-march-takes-to-montanas-capitol-with-huge-crowd,eyewitness onsite via google form,
"Moab, UT",UT,US,200,200,,,https://twitter.com/mmrj_tweet/status/822963369577615360,,
"Mobile, AL",AL,US,900,"1,000",,,FB (report from on site),http://wkrg.com/2017/01/21/womens-march-mobile-draws-hundreds-of-men-and-women/,
"Modesto, CA",CA,US,900,900,,,http://www.modbee.com/news/article128034159.html,http://www.modbee.com/news/article128034159.html,
"Mooresville, NC",NC,US,70,70,,,http://www.mooresvilletribune.com/news/marching-to-make-a-point/article_f3388eee-e02e-11e6-a716-fb8d63c948f4.html,,
Monhegan Island,ME,US,22,22,,,email,,
"Montpelier, VT",VT,US,"15,000","20,000",,,http://www.burlingtonfreepress.com/story/news/2017/01/21/montpelier-womens-march-draws-7000/96888920/,http://www.burlingtonfreepress.com/story/news/2017/01/21/montpelier-womens-march-draws-7000/96888920/,
"Monterey Bay, CA",CA,US,,,,,"See Seaside, CA",,
"Morganton, NC",NC,US,500,500,,,http://www.morganton.com/townnews/politics/a-call-for-equality-demonstrators-converge-on-downtown-in-support/article_250317d0-e018-11e6-97d8-5fd6a7377b4b.html#utm_source=morganton.com&utm_campaign=%2Fnewsletter%2Fbreaking%2F&utm_medium=email&utm_content=image,,
"Morris, MN",MN,US,250,250,,,Morris Tribune,,
"Moscow, ID",ID,US,"2,500","2,500",,,https://www.facebook.com/events/667336173434890/,,
"Mount Vernon, OH",OH,US,20,30,,,via email (JP),via email (JP),
"Mount Vernon, WA",WA,US,200,200,,,https://www.goskagit.com/news/young-and-old-take-on-downtown-mount-vernon-for-women/article_d216fe5e-24a5-5606-9e21-706c1db3ff2f.html/#utm_source=goskagit.com&utm_campaign=related-by-section&utm_medium=direct&utm_term=young%20and%20old%20take%20on%20downtown%20mount%20vernon%20for%20women%27s%20march,,
"Murfreesboro, TN",TN,US,,,,,,,
"Murray, KY",KY,US,700,700,,,http://wkms.org/post/hundreds-join-march-equality-and-social-justice-murray,,
"Nacogdoches, TX",TX,US,200,300,,,FB,,
"Nantucket, MA",MA,US,400,400,,,http://www.ack.net/news/20170121/your-nantucket-womens-march-photos-wanted,,
"Napa, CA",CA,US,"3,000","3,000",,,http://napavalleyregister.com/news/local/napa-women-s-march-spreads-message-of-love-hope-solidarity/article_53aae273-59e4-5b49-ab51-3e4a13a6e729.html,,
"Naples, FL",FL,US,"2,500","5,000",,,http://www.nbc-2.com/story/34313013/womens-march-on-dc-echoed-in-naples,https://twitter.com/naplesmarcher/status/823160182079426560,
"Nashville, TN",TN,US,"15,000","20,000",,,https://twitter.com/Killingcrawdads/status/822924062213210112,https://twitter.com/Killingcrawdads/status/822924062213210112,
"Nevada City, CA",CA,US,100,100,,,http://www.theunion.com/news/local-news/group-gathering-in-nevada-city-in-support-of-marchers-worldwide/,,
"New Bern, NC",NC,US,300,600,,,https://twitter.com/UncleIllya/status/823023824253964288,,
"New Haven, CT",CT,US,200,200,,,http://www.newhavenindependent.org/index.php/archives/entry/local_march/,,
"New Orleans, LA",LA,US,"10,000","10,000",,,http://www.theadvocate.com/new_orleans/news/article_b6a63598-e002-11e6-9066-575bd82cb3da.html,,
"New Smyrna Beach, FL",FL,US,"1,000","1,000",,,http://www.news-journalonline.com/news/20170121/signs-of-solidarity-women-take-part-locally-in-two-sister-marches,,
"New York, NY",NY,US,"400,000","500,000",,,https://twitter.com/amNewYork/status/822978182315999233,,Women's March NYC FB page
"Newark, DE",DE,US,"1,200","1,200",,,https://twitter.com/Happy_Dem/status/822998092941291521,,
"Newark, NJ",NJ,US,"1,000","1,000",,,FB,,
"Newport, OR",OR,US,"1,500","1,500",,,http://www.newportnewstimes.com/v2_news_articles.php?heading=0&story_id=54234&page=86,,
"Nome, AK",AK,US,100,100,,,https://twitter.com/frostlaur/status/822937152526827521,,
"Norfolk, VA",VA,US,"2,000","2,000",,,http://pilotonline.com/news/local/sister-marches-draw-thousands-to-downtown-norfolk-to-support-women/article_491f897c-2be6-5968-9f8a-2df7250a0184.html,,
"Northampton, MA",MA,US,"1,000","2,500",,,http://www.gazettenet.com/Northampton-Women-s-March-7616557,https://www.facebook.com/NorthamptonMAPD/?fref=ts,http://wwlp.com/2017/01/21/western-massachusetts-residents-march-in-solidarity-with-d-c-protesters/
"Oakhurst, CA",CA,US,200,200,,,http://www.fresnobee.com/news/local/article128014199.html,,
"Oakland, CA",CA,US,"60,000","100,000",,,@oaklandpoliceca,http://www.eastbaytimes.com/2017/01/21/womens-march-huge-bay-area-turnout-as-california-resistance-takes-hold/,
"Oak Ridge, TN",TN,US,450,550,,,onsite eyewitness (estimated based on # buttons/flyers distributed),,
"Ocala, FL",FL,US,100,200,,,https://www.youtube.com/watch?v=Yu7OYoX1Xqs,eyewitness onsite via google form,
"Ocean City, MD",MD,US,100,100,,,http://www.wmdt.com/news/maryland/hundreds-show-their-support-in-ocs-womens-march/284828523,,
Ocean Shores,WA,US,120,120,,,FB,,
"Ocracoke, NC",NC,US,108,108,,,https://twitter.com/jcgreenfield/status/823321395904004096,,
"Ogden, UT",UT,US,300,300,,,http://www.sltrib.com/news/4847223-155/ogden-women-join-those-across-the,,
"Oklahoma City, OK",OK,US,"12,000","12,000",,,http://www.oudaily.com/news/women-s-march-on-oklahoma-draws-more-than-participants-to/article_80574326-e03c-11e6-b82e-fbc64b811c6c.html,,
"Old Saybrook, CT",CT,US,,,,,,,
"Olympia, WA",WA,US,"10,000","10,000",,,http://www.theolympian.com/news/local/article127924384.html,,
"Omaha, NE",NE,US,"12,000","14,000",,,http://www.omaha.com/news/politics/women-s-march-fills-omaha-streets-to-send-a-message/article_5de6469e-58ff-5e39-b4de-290a99e01a26.html,http://www.omaha.com/news/politics/women-s-march-fills-omaha-streets-to-send-a-message/article_5de6469e-58ff-5e39-b4de-290a99e01a26.html,
"Oneonta, NY",NY,US,500,500,,,http://www.allotsego.com/women-allies-march-across-otsego-county/,,
"Onley, VA",VA,US,50,50,,,http://www.ask4direct.com/InfoRead.asp?id=WESR&InfoID=1028534,,
"Ontario, CA",CA,US,200,200,,,http://www.pe.com/articles/san-823719-bernardino-participated.html,,
"Orange County, CA",CA,US,,,,,"See Santa Ana, CA",,
"Orlando, FL",FL,US,"3,000","3,000",,,http://www.orlandosentinel.com/news/os-lake-eola-womens-march-20170121-story.html,,
"Oxford, MS",MS,US,450,450,,,http://thedmonline.com/hundreds-gather-oxfords-womens-march/,,
"Pacifica, CA",CA,US,"1,200","1,200",,,FB,,
"Palm Desert, CA",CA,US,"1,000","1,000",,,FB,,
"Palm Springs, CA",CA,US,600,600,,,FB,,
"Palmdale, CA",CA,US,24,24,,,http://www.twcnews.com/ca/antelope-valley/news/2017/01/21/protesters-gather-in-antelope-valley-in-support-of-women-s-march-on-washington.html,,
"Palmer, AK",AK,US,377,377,,,https://www.facebook.com/events/819642308177150/,,
"Park City, UT",UT,US,"8,000","8,000",,,http://deadline.com/2017/01/sundance-womens-march-attendance-high-chelsea-handler-donald-trump-1201891609/,,
"Panama City, FL",FL,US,500,500,,,http://www.newsherald.com/news/20170121/hundreds-gather-protest-at-panama-city-womens-march,,
"Paoli, IN",IN,US,67,67,,,verified through user photo,,
"Pasadena, CA",CA,US,"1,700","1,700",,,FB,,
"Peoria, IL",IL,US,"1,500","2,000",,,http://www.centralillinoisproud.com/news/local-news/peoria-rally-in-support-of-womens-march-on-washington/643865167,FB,
"Pendelton, OR",OR,US,425,425,,,http://www.eastoregonian.com/eo/local-news/20170121/protestors-pack-pendleton-for-womens-march,,
"Pensacola, FL",FL,US,"2,000","2,000",,,http://www.pnj.com/story/news/local/pensacola/downtown/2017/01/21/hundreds-brave-rain-join-pensacola-march-women/96795864/,,
"Pence, WI",WI,US,1,1,,,FB,,
"Pequannock Township / Pompton Plains, NJ",NJ,US,800,"1,000",,,http://www.northjersey.com/story/news/2017/01/21/crowds-gathering-womens-march-protests/96778388/,http://www.dailyrecord.com/story/money/2017/01/21/womens-march-stops-traffic-pequannock/96770784/,
"Philadelphia, PA",PA,US,"50,000","50,000",,,http://www.philly.com/philly/blogs/real-time/Womens-Marches-in-Washington-DC-and-Philadelphia-Live-updates-Jan-21-2017.html,,
"Phoenix, AZ",AZ,US,"20,000","20,000",,,http://www.azcentral.com/story/news/local/phoenix/2017/01/21/phoenix-womens-march-sister-washington-capitol/96849890/,,
"Pierre, SD",SD,US,130,135,,,onsite eyewitness did a headcount via google form,,
"Pikeville, KY",KY,US,,100,,,https://twitter.com/sheila_isaac/status/823375791601963008,FB,
"Pinedale, WY",WY,US,100,100,,,FB,,
"Pittsburgh, PA",PA,US,"25,000","25,000",,,http://www.post-gazette.com/local/city/2017/01/21/Pittsburgh-groups-protest-against-Trump/stories/201701210111,,
"Pittsfield, MA",MA,US,"1,500",1500,,,http://theberkshireedge.com/sister-march-at-colonial-theatre-draws-throngs-from-across-the-berkshires/,,
"Plattsburg, NY",NY,US,182,182,,,https://twitter.com/elodiemet/status/823227264645132288,,
"Plymouth, WI",WI,US,200,200,,,http://www.sheboyganpress.com/videos/news/local/2017/01/21/hundreds-attend-million-person-unity-marches-sheboygan-county/96905712/,onsite eyewitness via google form,
"Pocatello, ID",ID,US,"1,200",1200,,,http://idahostatejournal.com/members/marchers-show-up-in-droves-for-women-s-march-on/article_fe93fb5e-f29b-5784-bda9-6f66cc342649.html,,
"Port Angeles, WA",WA,US,100,100,,,FB,,
"Port Jefferson, NY",NY,US,"2,000","2,000",,,http://www.newsday.com/long-island/women-s-values-rallies-in-huntington-port-jefferson-station-1.12993518,,
"Port Jervis, NY",NY,US,350,500,,,onsite eyewitness via google form,http://www.recordonline.com/news/20170121/port-jervis-churchs-sister-march-draws-crowd,
"Port Orford, OR",OR,US,280,300,,,onsite eyewitness via google form; did headcount,,
"Port Townsend, WA",WA,US,"1,000","1,000",,,FB,,
"Portland, ME",ME,US,"10,000","10,000",,,http://www.pressherald.com/2017/01/21/signs-sentiments-crowd-eastern-prom-for-womens-march/,,
"Portland, OR",OR,US,"70,000","100,000",,,https://twitter.com/scaackler/status/822995313703075840,http://www.oregonlive.com/portland/index.ssf/2017/01/portland_womens_march_donald_t.html,
"Portsmouth, NH",NH,US,"3,000",5000,,,"http://www.seacoastonline.com/news/20170121/portsmouth-womens-march-draws-thousands
",,
"Poughkeepsie, NY",NY,US,"4,000",5000,,,https://www.facebook.com/rivera.sun.3?fref=nf&pnref=story.unseen-section,http://www.poughkeepsiejournal.com/story/news/local/2017/01/21/womens-march-walkway-poughkeepsie-trump/96877094/,
"Prescott, AZ",AZ,US,"1,200","1,200",,,http://www.dcourier.com/photos/galleries/2017/jan/21/womens-march-in-prescott/,,
"Providence, RI",RI,US,"7,000","7,000",,,https://twitter.com/JohnMarionjr/status/822980976628404226,,
"Provincetown, MA",MA,US,300,300,,,http://capecodwave.com/provincetown-womens-march-going-speak/,,
"Raleigh, NC",NC,US,"17,000","20,000",,,http://www.wral.com/organizers-estimate-17-000-gather-in-raleigh-for-women-s-march/16456580/,organizers click count,
"Rapid City, SD",SD,US,1000,"2,000",,,https://twitter.com/ThatBrandyn/status/822891625676275712,FB,
"Reading, PA",PA,US,100,200,,,http://www.readingeagle.com/news/article/crowds-gather-in-city-park-in-reading-for-sister-march,http://www.readingeagle.com/news/article/crowds-gather-in-city-park-in-reading-for-sister-march,
"Red Bank, NJ",NJ,US,200,200,,,newjersey.news12.com/multimedia/hundreds-march-in-solidarity-in-red-bank-1.12994794,,
"Redding, CA",CA,US,300,300,,,http://www.redding.com/story/news/local/2017/01/21/live-tweets-womens-march-redding-city-hall/96882162/,,
"Redondo Beach, CA",CA,US,"1,800","1,800",,,http://www.easyreadernews.com/144169/redondo-beach-womens-march-draws-1800-participants/,,
"Redwood City, CA",CA,US,"2,500","2,500",,,https://twitter.com/AlexHorovitz/status/822997333151387649,,
"Reno, NV",NV,US,"10,000","10,000",,,http://www.rgj.com/story/news/2017/01/21/s-change-reno-womens-march-washington/96888834/,,
"Richland, WA",WA,US,1000,2500,,,http://www.tri-cityherald.com/news/local/article128022844.html,Twitter,
"Richmond, VA",VA,US,2000,2000,,,http://richmondfreepress.com/news/2017/jan/20/thousands-join-march-monument-message-equality-uni/,,
"Ridgecrest, CA",CA,US,180,200,,,onsite eyewitness; headcount at start with others joining along route,https://www.facebook.com/events/1205981132842221/?ti=as,
"Ridgeway, CO",CO,US,50,50,,,FB,,
"Riegelsville, PA",PA,US,170,170,,,Bucks County Courier Times,,
"Riverside, CA",CA,US,4000,4000,,,http://www.pasadenastarnews.com/general-news/20170121/thousands-of-women-others-rally-in-riverside-to-protest-trumps-policies,,
"Roanoke, VA",VA,US,3000,3000,,,http://www.wdbj7.com/content/news/Thousands-marched-for-women-in-Roanoke-411421475.html,,
"Rochester, MN",MN,US,600,1000,,,https://twitter.com/water_violin/status/822997922757349376,https://twitter.com/water_violin/status/822997922757349376,
"Rochester, NY",NY,US,1500,2000,,,http://www.democratandchronicle.com/story/news/2017/01/21/women-upset-trumps-presidency-hold-rallies-locally/96715496/,https://t.co/iyjFHSXHEq,
"Rockford, IL",IL,US,"1,000","1,000",,,http://www.rrstar.com/news/20170121/crowds-pack-downtown-rockford-for-womens-march-protest,,
"Roswell, NM",NM,US,2,2,,,"via email (JP)
",,
"St. Augustine, FL",FL,US,"1,000","2,000",,,http://www.firstcoastnews.com/news/womens-march-makes-its-way-to-the-first-coast/389706372,http://staugustine.com/news-local-news/2017-01-22/together-st-augustine-marches-strong,eyewitness onsite via google form
"St. George, UT",UT,US,"1,200","1,475",,,organizer head count,FB (source on site),
"St. John, VA",VA,US,,,,,,,
"St. Louis, MO",MO,US,"20,000","20,000",,,FB,,
"St. Mary's City, MD",MD,US,10,10,,,https://www.facebook.com/eric.heisler.79/posts/10210356063470308,onsite eyewitness via google form,
"St. Mary of the Woods, IN",IN,US,,,,,,,
"St. Paul/Minneapolis, MN",MN,US,"90,000","100,000",,,https://twitter.com/sppdPIO/status/822974502434930688,,
"St. Petersburg, FL",FL,US,"20,000","20,000",,,http://www.tampabay.com/news/politics/elections/womens-march-surpassed-20000-protesters-making-it-largest-in-st-petersburg/2310416,,
"Sacramento, CA",CA,US,"20,000","20,000",,,http://www.sacbee.com/news/local/article127914504.html,,
"Sag Harbor, NY",NY,US,250,250,,,http://easthamptonstar.com/News/7/East-Enders-Marched-Washington-NYC-and-Sag-Harbor,,
"Salem, OR",OR,US,"1,000","2,000",,,http://www.statesmanjournal.com/story/news/2017/01/21/womens-march-salem-unites-thousands-people/96850428/,,
"Salem, WI",WI,US,2,2,,,eyewitness onsite,,
"Salida, CO",CO,US,,,,,,,
"Salisbury, CT",CT,US,200,200,,,https://twitter.com/jahansell/status/823009339174780928,,
"Salt Lake City, UT",UT,US,,,,1000,http://www.sltrib.com/home/4843395-155/about-1000-utahns-rally-against-president,,
"San Antonio, TX",TX,US,"1,500","1,500",,,http://www.mysanantonio.com/news/local/article/Women-in-San-Antonio-take-to-the-streets-to-10873833.php,,
"San Bernardino, CA",CA,US,80,80,,,http://www.pe.com/articles/san-823719-bernardino-participated.html,http://www.sbsun.com/general-news/20170121/inland-empire-residents-rally-march-against-trump-administration,
"San Clemente, CA",CA,US,100,200,,,San Clemente Times,,
"San Diego, CA",CA,US,"30,000","40,000",,,http://www.kpbs.org/news/2017/jan/20/thousands-san-diegans-march-womens-rights/,http://www.kpbs.org/news/2017/jan/20/thousands-san-diegans-march-womens-rights/,
"San Francisco, CA",CA,US,"100,000","150,000",,,http://sanfrancisco.cbslocal.com/2017/01/21/huge-crowd-san-francisco-rally-womens-march/,http://www.sfexaminer.com/sf-womens-march-draws-thousands-despite-stormy-weather/,
"San Jose, CA",CA,US,"25,000","25,000",,,http://www.sfchronicle.com/bayarea/article/Crowds-gather-to-demonstrate-against-Trump-10873932.php,http://www.mercurynews.com/2017/01/21/womens-march-huge-bay-area-turnout-as-california-resistance-takes-hold/,
"San Juan, PR",PR,US,,,,,,,
"San Leandro, CA",CA,US,,,,,,,
"San Luis Obispo, CA",CA,US,"10,000","10,000",,,http://snewsi.com/id/17147530942/Thousands-march-despite-rain-Saturday-in-San-Luis-Obispo,,
"San Marcos, CA",CA,US,"3,000","10,000",,,http://www.sandiegouniontribune.com/communities/north-county/sd-no-san-marcos-march-20170119-story.html,http://escondidograpevine.com/2017/01/22/10000-join-san-marcos-womens-march/,
"San Rafael, CA",CA,US,500,500,,,FB,,
"Sanford, ME",ME,US,,,,,,,
"Sandpoint, ID",ID,US,800,1000,,,http://www.bonnercountydailybee.com/local_news/20170121/marching_together_north_idaho_style,,
"Sandy, OR",OR,US,,,,,,,
"Santa Ana, CA",CA,US,"20,000","25,000",,,http://www.ocregister.com/articles/march-741832-women-people.html,http://www.ocregister.com/articles/march-741832-women-people.html,
"Santa Barbara, CA",CA,US,"2,000","6,000",,,http://www.keyt.com/news/local-politics/hundreds-of-santa-barbara-residents-march-in-solidarity-with-national-protest/284648025,http://www.independent.com/news/2017/jan/21/santa-barbaras-massive-womens-march/,
"Santa Cruz, CA",CA,US,"10,000","15,000",,,FB,https://twitter.com/FamDoc_Forest/status/823087533194027008,
"Santa Fe, NM",NM,US,"10,000","17,000",,,http://www.santafenewmexican.com/news/local_news/santa-feans-flood-downtown-streets-in-display-of-anger-hope/article_8bf2bb24-b83f-51e3-8434-8a18223dac5d.html,Facebook,
"Santa Rosa, CA",CA,US,"4,300","5,000",,,FB,http://www.pressdemocrat.com/news/6546166-181/womens-marchers-to-descend-on?artslide=0,
"Santurce, PR",PR,US,,,,,,,
"Sarasota, FL",FL,US,"7,500","10,000",,,https://twitter.com/sarasotapd/status/822888985689292800,http://www.heraldtribune.com/news/20170121/thousands-turn-out-for-sarasota-womens-solidarity-march?start=2,
"Sault Ste Marie, MI",MI,US,40,40,,,https://www.sootoday.com/local-news/women-resist-on-queen-street-516643,,
"Savannah, GA",GA,US,"1,000","1,000",,,http://savannahnow.com/news/2017-01-21/hundreds-march-downtown-savannah-promote-women-s-rights-oppose-trump,,
"Saxaphaw, NC",NC,US,80,80,,,https://twitter.com/HandyVillage/status/823178636790468609,,
"Seaside, CA",CA,US,"1,500","2,000",,,onsite count via eyewitness,http://www.montereyherald.com/social-affairs/20170121/womens-march-csumb-thousands-protest-trump,
"Seattle, WA",WA,US,"120,000","175,000",,,http://www.capitolhillseattle.com/2017/01/womens-march-stretches-from-central-district-to-the-seattle-center/,Local FOX News network,
"Sedona, AZ",AZ,US,"1,000","1,000",,,FB,,
"Seldovia, AK",AK,US,41,41,,,via email (JP),,
"Selinsgrove, PA",PA,US,119,119,,,FB,,
"Seneca Falls, NY",NY,US,"10,000","10,000",,,http://fingerlakes1.com/2017/01/21/full-coverage-women-march-in-seneca-falls-2017/,http://www.democratandchronicle.com/story/news/2017/01/21/women-upset-trumps-presidency-hold-rallies-locally/96715496/,
"Sequim, WA",WA,US,300,500,,,https://twitter.com/davidacody/status/823226017674248196,,
"Seward, AK",AK,US,54,70,,,onsite count via Twitter (w/ photo),https://twitter.com/sewardsooz/status/823238733054914560,
"Sharon, PA",PA,US,700,700,,,http://www.sharonherald.com/news/local_news/many-feet-one-voice/article_bba9716e-cc03-597c-8be8-ade51955213d.html,,
"Sheboygan, WI",WI,US,300,300,,,http://www.sheboyganpress.com/videos/news/local/2017/01/21/hundreds-attend-million-person-unity-marches-sheboygan-county/96905712/,onsite eyewitness vis google form,
"Show Low, AZ",AZ,US,1,1,,,https://twitter.com/LynnMRichards/status/823171903464407040,,
"Shreveport/Bossier, LA",LA,US,200,1000,,,http://www.ksla.com/story/34314150/large-crowd-marches-in-downtown-shreveport-in-solidarity-with-womens-march-in-dc,https://www.facebook.com/events/195167907553867/permalink/204120623325262/,http://www.shreveporttimes.com/story/news/2017/01/21/womens-march-shreveport-bossier-held-saturday-were-not-going-away/96774386/
"Sicklerville, NJ",NJ,US,250,250,,,https://twitter.com/barbaradreyfuss/status/823227200304508932,,
"Silver City, NM",NM,US,500,500,,,FB,,
"Silverton, CO",CO,US,50,50,,,FB,,
"Sioux Falls, SD",SD,US,"3,300","3,300",,,http://www.argusleader.com/story/news/2017/01/21/thousands-join-womens-march-downtown-sioux-falls/96883868/,,
"Sitka, AK",AK,US,700,700,,,https://twitter.com/sarahebourne/status/823019012426780672,,
"Skagway, AK",AK,US,122,122,,,FB,,
"Skykomish, WA",WA,US,8,8,,,FB,,
"Soldotna, AK",AK,US,200,322,,,http://peninsulaclarion.com/news/local/2017-01-21/solidarity-women-s-march-community-gathering-bring-hundreds-out-soldotna,https://www.facebook.com/events/231103893966166/,
"Sonoma, CA",CA,US,"3,000",3000,,,http://www.sonomanews.com/news/6572152-181/thousands-turn-up-for-sonoma?artslide=0,,
"South Bend, IN",IN,US,"2,000",2000,,,https://t.co/fWEc8zTpWX,,
"South Lake Tahoe, CA",CA,US,700,700,,,http://southtahoenow.com/story/01/21/2017/snow-doesnt-stop-supporters-south-lake-tahoe-march-draws-500,,
"South Orange, NJ",NJ,US,"2,000","2,000",,,FB,,
"Spokane, WA",WA,US,"8,000","8,000",,,http://www.spokesman.com/stories/2017/jan/21/thousands-more-than-expected-turn-out-for-womens-m/,,
"Springfield, MO",MO,US,"2,000","2,000",,,http://www.ky3.com/content/news/411423915.html,,
"Springfield, IL",IL,US,"1,000","1,000",,,State Journal Register,,
"Steamboat Springs, CO",CO,US,"1,000","1,000",,,http://www.steamboattoday.com/news/2017/jan/21/womens-march-steamboat-springs-surpasses-expectati/,,
"Stamford, CT",CT,US,"5,000","5,000",,,http://www.stamfordadvocate.com/local/article/Thousands-attend-Women-s-March-in-Stamford-10873898.php,,
"Stanley, ID",ID,US,30,30,,,https://twitter.com/Margot_Garnick/status/823006371444588544,https://twitter.com/Carole_King/status/822992329711579137,
"State College, PA",PA,US,300,500,,,FB,,
"Stateline, NV",NV,US,500,500,,,http://www.nevadaappeal.com/news/local/more-than-1-million-join-womens-marches-worldwide/,,
"Statesboro, GA",GA,US,200,200,,,https://twitter.com/jonathanhtweets/status/823054896165486593,http://www.statesboroherald.com/section/1/article/78251/,
"Staunton, VA",VA,US,100,100,,,http://www.newsleader.com/story/news/local/2017/01/21/96880364/,,
"Surry, ME",ME,US,,,,,,,
"Syracuse, NY",NY,US,2000,"2,000",,,FB,,
"Tallahassee, FL",FL,US,"15,000","18,000",,,FB,https://twitter.com/wideofthepost/status/823081608601341952,
"Taos, NM",NM,US,100,100,,,FB,,
"Tecumseh, MI",MI,US,35,35,,,https://twitter.com/Anthony_Alaniz/status/823176969202319360,,
"Telluride, CO",CO,US,200,"1,000",,,FB,Twitter onsite report,
"Terre Haute, IN",IN,US,200,200,,,http://www.tribstar.com/news/local_news/wabash-valley-residents-gather-in-solidarity-with-marchers-in-washington/article_49969ab3-c25d-52a1-b185-aa99dd701846.html,,
"Tillamook, OR",OR,US,300,300,,,http://www.tillamookheadlightherald.com/news/womens-march-rally-draws-hundreds-in-tillamook/article_9ae75ab2-e02f-11e6-89fc-3f59da891fab.html,,
"Toledo, OH",OH,US,200,200,,,http://www.toledoblade.com/Politics/2017/01/21/Toledo-marchers-deliver-message-of-unity-after-inauguration.html,,
"Topeka, KS",KS,US,"4,000","4,000",,,FB,,
"Traverse City, MI",MI,US,"3,000","3,000",,,http://www.record-eagle.com/news/thousands-gather-for-traverse-city-women-s-march/article_547cdcb0-e029-11e6-be94-83e0491aa877.html,,
"Trenton, NJ",NJ,US,"7,500","7,500",,,https://t.co/PlbfhQeCXd,,
"Troy, OH",OH,US,150,200,,,http://tdn-net.com/top-stories/18578/promoting-unity,,
"Truth or Consequences, NM",NM,US,,,,,,,
"Tucson, AZ",AZ,US,"15,000","15,000",,,http://tucson.com/news/local/join-women-s-march-in-tucson/article_a3326d7b-dc9c-5b3f-a443-e6667b3f4a6b.html,http://www.kvoa.com/story/34313959/womens-march-in-tucson-draws-10000,
"Tulsa, OK",OK,US,"1,000","1,000",,,http://www.tulsaworld.com/homepagelatest/tulsa-rally-promotes-cause-of-women-s-rights-indigenous-group/article_688e80bc-a873-5087-bf2f-057e22435172.html#.WIRHr5jrEik.twitter,,
"Twisp, WA",WA,US,800,800,,,FB,,
"Ukiah, CA",CA,US,"2,000","2,000",,,http://www.ukiahdailyjournal.com/general-news/20170121/womens-march-in-ukiah-draws-record-crowds,,
"Unalakleet, AK",AK,US,38,38,,,adn.com,,
"Union, WA",WA,US,55,60,,,signature collection by organizer via google form,,
"Utica, NY",NY,US,200,300,,,http://www.wktv.com/story/34315510/peaceful-human-rights-march-at-mvcc,http://www.wktv.com/story/34315659/counter-inaugural-rally-held-in-utica,eyewitness onsite via google form
"Utqiagvik (Barrow), AK",AK,US,22,22,,,https://twitter.com/trulyfrancesca/status/823000866718420993,March at State Office Building: http://www.uticaod.com/news/20170121/womens-marches-political-action-pepper-utica-saturday,https://twitter.com/adndotcom/status/823017156191272961
"Valdez, AK",AK,US,100,130,,,https://jackpineradicals.com/boards/topic/womens-march-in-gustavus-alaska/,https://www.facebook.com/leeAhart/videos/10212201725305357/?autoplay_reason=gatekeeper&video_container_type=1&video_creator_product_type=0&app_id=2392950137&live_video_guests=0,
"Valparaiso, IN",IN,US,260,500,,,http://www.nwitimes.com/news/local/women-march-for-rights-in-valparaiso/article_a8aeff74-665f-52ec-a5ee-19cdbe93cf4e.html,FB,
"Vancouver, WA",WA,US,200,200,,,FB,,
"Vashon, WA",WA,US,251,300,,,eyewitness count,,
"Ventura, CA",CA,US,"2,500","3,000",,,http://www.vcstar.com/story/news/local/communities/ventura/2017/01/21/ventura-march-justice/96687692/,Journo tip (onsite counting 30/30 secs for an hour),
"Vermillion, SD",SD,US,500,500,,,http://siouxcityjournal.com/news/photos-vermillion-women-s-march/collection_383f9a7a-0427-5ff3-bfb6-03d3a83ea4ad.html#1,,
"Vieques, PR",PR,US,150,250,,,onsite eyewitness / signature collection via google form,http://nativenews.tumblr.com/post/156189053796/indigenous-caribbean-women-of-puerto-rico-march,
"Vinalhaven, ME",ME,US,76,100,,,onsite eyewitness via google form,,
"Visalia, CA",CA,US,500,500,,,http://www.visaliatimesdelta.com/picture-gallery/news/2017/01/21/gallery-visalia-womens-march/96891282/,,
"Walla Walla, WA",WA,US,"2,000","2,000",,,union-bulletin.com,,
"Walnut Creek, CA",CA,US,"3,000","10,000",,,http://www.sfchronicle.com/bayarea/article/Crowds-gather-to-demonstrate-against-Trump-10873932.php,http://eastcountytoday.net/thousands-gather-in-walnut-creek-for-contra-costa-womens-march/,
Washington DC,DC,US,"470,000","680,000","1,000,000",,https://www.nytimes.com/interactive/2017/01/22/us/politics/womens-march-trump-crowd-estimates.html?hp&action=click&pgtype=Homepage&clickSource=story-heading&module=photo-spot-region&region=top-news&WT.nav=top-news&_r=0,FB,https://www.theguardian.com/lifeandstyle/live/2017/jan/21/womens-march-on-washington-and-other-anti-trump-protests-around-the-world-live-coverage?CMP=Share_AndroidApp_Facebook
"Watertown, NY",NY,US,250,250,,,http://www.watertowndailytimes.com/news03/watertown-sister-rally-invokes-hope-battles-injustice-20170121,,
"Watsonville, CA",CA,US,300,500,,,eyewitness,,
"Wausau, WI",WI,US,200,200,,,FB,,
"Welches, OR",OR,US,,,,,,,
"Wellfleet, MA",MA,US,113,113,,,via email (JP),,
"Wenatchee, WA",WA,US,"2,000","2,000",,,http://www.wenatcheeworld.com/news/2017/jan/21/huge-turnout-for-womens-march/,,
"West Chester, PA",PA,US,150,200,,,https://wcborodems.org/2017/01/21/in-solidarity-with-the-womens-march/,eyewitness count,http://chescodems.org/tag/womens-march/
"West Jefferson, NC",NC,US,250,300,,,https://twitter.com/wineymomof2/status/822928844558663681,https://www.facebook.com/vicki.h.randolph/media_set?set=a.10154979805683979.1073742350.696273978&type=3&pnref=story,
"West Lima, WI",WI,US,1,1,,,Twitter,,
"West Palm Beach, FL",FL,US,"5,000",7000,,,http://www.palmbeachpost.com/news/local/thousands-turn-out-west-palm-for-women-rally-against-trump/GURHjHOiaBFtDfODkqg0fM/,http://lubbockonline.com/local/2017-01-21/hundreds-protest-lubbock-women-s-march,
"Westfield, NJ",NJ,US,"1,000","2,000",,,https://www.tapinto.net/towns/westfield/articles/womens-march-in-westfield-attracts-thousands,https://www.tapinto.net/towns/westfield/articles/womens-march-in-westfield-attracts-thousands,
"Wichita, KS",KS,US,3000,3000,,,http://www.kansas.com/news/local/article127951994.html,,
"Wichita Falls, TX",TX,US,150,150,,,http://www.timesrecordnews.com/story/news/local/2017/01/21/group-peacefully-marches-voice-their-concerns/96891804/,,
"Williamsburg, VA",VA,US,700,1000,,,http://wydaily.com/2017/01/21/womens-march-in-williamsburg-a-family-affair/,http://wydaily.com/2017/01/21/womens-march-in-williamsburg-a-family-affair/,
"Willits, CA",CA,US,50,50,,,FB,,
"Wilmington, NC",NC,US,3000,3000,,,http://www.twcnews.com/nc/coastal/news/2017/01/21/womens-marches-planned-across-north-carolina.html,,
"Wilton, NH",NH,US,100,125,,,onsite eyewitness who did headcount (via google form),,
"Winchester, VA",VA,US,700,1200,,,onsite eyewitness & local news (via google form),,
"Winston-Salem, NC",NC,US,,,,,,,
"Winters, CA",CA,US,200,200,,,FB,,
"Woodstock, NY",NY,US,1000,1000,,,FB,,
"Woodstock, VA",VA,US,400,400,,,http://www.nvdaily.com/uncategorized/2017/01/women-hold-sister-march-in-woodstock/,,
"Wooster, OH",OH,US,500,1000,,,http://www.the-daily-record.com/local%20news/2017/01/22/rally-at-wooster-gazebo-draws-500,https://twitter.com/matthewkrain/status/822988145696407552,
"Worcester, MA",MA,US,,,,,http://www.telegram.com/news/20170121/central-mass-residents-turn-out-in-numbers-to-send-trump-message,,
"Wyckoff, NJ",NJ,US,300,500,,,http://www.northjersey.com/story/news/local/2017/01/21/local-womens-marches-draw-far-larger-crowds-than-expected/96778300/,eyewitness onsite,
"Yakima, WA",WA,US,1000,1000,,,http://www.yakimaherald.com/news/local/hundreds-are-marching-through-yakima/article_1a192d50-e009-11e6-87ed-17b155bb6c9c.html,,
"Ypsilanti, MI",MI,US,1200,1200,,,https://twitter.com/theplaidjunct/status/822984190467645440,,
"Yucca Valley, CA",CA,US,50,75,,,,https://www.facebook.com/events/230004250788015/?ti=icl,
"Yuma, AZ",AZ,US,,,,,,,
"Zebulon, GA",GA,US,35,35,,,SPLCenter on twitter ,,
"
",,,,,,,,,
Int'l (partial; not counted in US total):,,,"264,157",299376,,,,,
"Seoul, South Korea",,South Korea,"1,000",1000,,,FB,,
"Calgary, Canada",,Canada,"4,000",4000,,,http://m.metronews.ca/#/article/news/calgary/2017/01/21/hundreds-in-calgary-rally-to-support-womens-march-.html,,
"Isle of Eigg
",,UK,21,30,,,https://twitter.com/incredimella/status/822939921136701441,https://twitter.com/isleofeigg/status/823116854285795328,
"London, UK",,UK,"100,000",100000,,,The Independent,,
"Mexico City, Mexico",,Mexico,100,500,,,LA Times,,
"Ottawa, Canada",,Canada,"6,000","8,000",,,http://ottawacitizen.com/news/local-news/thousands-fill-streets-at-ottawa-womens-march,FB,
"Tel Aviv, Israel",,Israel,200,500,,,FB (on site report),https://twitter.com/melanielidman/status/822873710726148097,
"Toronto, Canada",,Canada,"60,000",60000,,,FB,,
"Sydney, Australia",,Australia,"5,000","10,000",,,https://www.theguardian.com/australia-news/2017/jan/21/donald-trump-sydney-womens-march-protest-thousand-turn-out,http://www.usatoday.com/story/news/2017/01/21/millions-turn-out-worldwide-solidarity-washington-womens-march/96880344/,
"Melbourne, Australia",,Australia,"10,000",10000,,,FB,,
Antarctica,,Antarctica,30,30,,,http://www.independent.co.uk/news/world/americas/womens-march-antarctica-donald-trump-inauguration-women-hate-donald-trump-so-much-they-are-even-a7538856.html,,
"Copenhagen, Denmark",,Denmark,"5,000",5000,,,FB,,
"Victoria, Canada",,Canada,"2,500",2500,,,FB,,
"Bogota, Colombia",,Colombia,350,350,,,FB,,
"New Delhi, India",,India,,,,,,,
"Nairobi, Kenya",,Kenya,200,200,,,Reuters,,
"Cape Town, South Africa",,South Africa,500,700,,,onsite headcount by participant (google form),,
"Dublin, Ireland",,Ireland,"2,000",5000,,,http://www.thejournal.ie/trump-womens-march-3198425-Jan2017/,http://www.irishtimes.com/news/ireland/irish-news/anti-trump-marchers-downbeat-but-defiant-in-dublin-1.2946422#.WIO_mewDflE.twitter,
"Bangkok, Thailand",,Thailand,,,,,,,
"Antigua, Guatemala",,Guatemala,250,250,,,FB,,
"Rome, Italy",,Italy,300,300,,,FB,,
"Stratford, Canada",,Canada,100,100,,,FB,,
"Montreal, Canada",,Canada,"5,000",5000,,,CBC,,
"Pristina, Kosovo",,Kosovo,,,,,,,
"Vancouver, Canada",,Canada,"15,000",15000,,,FB,,
"Canberra, Australia",,Australia,"1,000",1000,,,http://www.usatoday.com/story/news/2017/01/21/millions-turn-out-worldwide-solidarity-washington-womens-march/96880344/,,
"Paris, France",,France,"2,000","7,000",,,http://www.usatoday.com/story/news/2017/01/21/millions-turn-out-worldwide-solidarity-washington-womens-march/96880344/,http://www.lemonde.fr/ameriques/article/2017/01/21/manifestation-anti-trump-a-paris-j-ai-peur-qu-il-autorise-implicitement-les-hommes-a-se-comporter-comme-lui_5066781_3222.html,
"Vienna, Austria",,Austria,"2,000",2000,,,http://www.usatoday.com/story/news/2017/01/21/millions-turn-out-worldwide-solidarity-washington-womens-march/96880344/,,
"Stockholm, Sweden",,Sweden,"1,000",4000,,,Svenska Dagbladet,,
"Oslo, Norway",,Norway,2000,3000,,,FB,,
"Tokyo, Japan",,Japan,648,648,,,http://www.elle.com/culture/career-politics/news/a42322/tokyo-women-march/,https://www.facebook.com/events/373551566357471/permalink/379149589131002/,
"Dar Es Salaam, Tanzania",,Tanzania,100,100,,,FB,,
"Auckland, New Zealand",,New Zealand,"2,000",2000,,,Radio NZ,,
"Wellington, New Zealand",,New Zealand,600,600,,,FB,,
"Christchurch, New Zealand",,New Zealand,300,300,,,FB,,
"Dunedin, New Zealand",,New Zealand,300,300,,,FB,,
"Edmonton, Canada",,Canada,"2,000","4,000",,,https://twitter.com/GlobalEdmonton/status/822921336288735232,http://www.cbc.ca/news/canada/edmonton/women-march-edmonton-1.3946859,
"Amsterdam, Netherlands",,Netherlands,"4,000",4000,,,FB,,
"Athens, Greece",,Greece,,,,,,,
"Barcelona, Spain",,Spain,,,,,,,
"Madrid, Spain",,Spain,500,500,,,http://www.eldiario.es/sociedad/estadounidenses-Madrid-unen-protestas-Trump_0_603690602.html,,
"Florence, Italy",,Italy,,,,,,,
"Marseilles, France",,France,,,,,,,
"Prague, Czech Republic",,Czech,500,700,,,organizer,http://www.hollywoodreporter.com/news/womens-march-overseas-demonstrations-occur-conjunction-dc-sundance-protests-966955,
"Tbilisi, Georgia",,Georgia,300,300,,,http://dfwatch.net/tbilisi-joins-global-womens-march-against-trump-47377,,
"Helsinki, Finland",,Finland,250,300,,,http://www.hs.fi/kotimaa/art-2000005055356.html,https://t.co/BFxbyR3v9E,
"Accra, Ghana",,Ghana,,,,,,,
"Erbil, Iraq",,Iraq,8,8,,,https://twitter.com/saraklind/status/823179455560634370,,
"Lisbon, Portugal",,Portugal,,,,,,,
"Geneva, Switzerland",,Switzerland,"2,500",2500,,,https://www.letemps.ch/suisse/2017/01/21/2500-personnes-defilent-geneve-femmes-contre-trump,,
"San Jose, Costa Rica",,Costa Rica,,,,,,,
"Buenos Aires, Argentina",,Argentina,200,200,,,http://www.telam.com.ar/notas/201701/177350-mujeres-en-buenos-aires-marcharan-en-contra-de-trump.html,,
"Brasilia, Brazil",,Brazil,,,,,,,
"Edinburgh, Scotland",,UK,"3,000","8,000",,,FB (report from police on site),,
"Jos, Nigeria",,Nigeria,,,,,,,
"Frankfurt, Germany",,Germany,2000,2000,,,http://www.dw.com/en/a-sea-of-pink-hats-and-protest-signs-at-the-frankfurt-womens-march/a-37226708,,
Bristol UK,,UK,1000,1000,,,,,
"Wolfville, NS, Canada",,Canada,300,300,,,FB,,
"Salt Spring Island, Canada",,Canada,600,600,,,FB,,
"Budapest, Hungary",,Hungary,400,400,,,http://www.thejournal.ie/trump-womens-march-3198425-Jan2017/,,
"Berlin, Germany",,Germany,200,1000,,,http://www.thejournal.ie/trump-womens-march-3198425-Jan2017/,http://www.tagesspiegel.de/berlin/demo-gegen-us-praesidenten-trump-ist-kein-berliner/19285524.html,http://www.latimes.com/nation/la-na-pol-womens-march-live-marchers-in-germany-have-a-message-1485031455-htmlstory.html
"Berlin, Germany",,Germany,,,,850,https://www.morgenpost.de/berlin/article209347177/Rund-850-Menschen-demonstrieren-in-Berlin-gegen-Trump.html,,
"Galway, Ireland",,Ireland,200,300,,,https://twitter.com/ferguskelly/status/823228781825499136,,
"Bergen, Norway",,Norway,,,,,https://actionnetwork.org/events/womens-march-bergen-norway-2,,
"Halifax, NS, Canada",,Canada,1000,1000,,,,,
"Hamburg, Germany",,Germany,700,700,,,FB,,
"Nosara, Costa Rica",,Costa Rica,100,100,,,FB,,
"Hamilton, ON, Canada",,Canada,200,200,,,thespec.com,,
"Winnipeg, Canada",,Canada,1000,3000,,,http://www.cbc.ca/beta/news/canada/manitoba/women-s-march-winnipeg-1.3946587,https://twitter.com/Smile_Beaitiful/status/823195464065372160,
"Liverpool, UK",,UK,1000,1000,,,http://www.liverpoolecho.co.uk/news/liverpool-news/liverpool-womens-march-sees-hundreds-12487584,,
"Charlottetown, PEI, Canada",,Canada,200,200,,,The Guardian PEI,,
"Reykjavik, Iceland",,Iceland,,,,,https://twitter.com/MattysCrazyMind/status/823036079641137152,,
"London, Ontario, Canada.",,Canada,500,1400,,,https://twitter.com/MatthewPeloza/status/823039988455669760,http://london.ctvnews.ca/mobile/big-turnout-for-women-s-march-in-downtown-london-1.3251339,http://www.lfpress.com/2017/01/21/london-demonstration-hundreds-attend-womens-rights-rally-in-victoria-park
"San Miguel de Allende, Mexico!",,Mexico,2000,2000,,,FB,,
"Rio de Janeiro, Brazil",,Brazil,40,40,,,FB,,
"Pender Island, BC, Canada",,Canada,40,40,,,FB,,
"Manutoulin Island, Ontario, Canada",,Canada,1,1,,,FB,,
"Whitehorse, Canada",,Canada,200,200,,,FB,,
"Munich, Germany",,Germany,600,800,,,https://www.facebook.com/113387388277/photos/?tab=album&album_id=10155016345223278 ,https://twitter.com/marionanddaniel/status/823209426530238464,http://www.danielkempfseifried.de/we-the-people-women-marches/
"The Hague, The Netherlands",,Netherlands,2000,2000,,,FB,,
Singapore,,Singapore,50,50,,,Eyewitness account ,,
"Bangor, Wales, UK",,UK,400,400,,,"FB, Twitter",,
"Mwanza, Tanzania",,Tanzania,19,19,,,https://twitter.com/LeishLin/status/823058150861455360,,
"Nanaimo, Canada",,Canada,1000,1000,,,http://nanaimonewsnow.com/article/522757/womens-march-nanaimo-leads-massive-turnout,,
"Kamloops, Canada",,Canada,,,,,https://www.facebook.com/events/1326272374062846/,,
"Saskatoon, Canada",,Canada,800,1000,,,http://thestarphoenix.com/storyline/hundreds-marched-in-downtown-saskatoon-in-support-of-womens-rights-and-against-donald-trump,https://twitter.com/m_cvb/status/823075431196700673,
"North West River, Labrador, Canada",,Canada,20,20,,,https://twitter.com/amybeatrice/status/822900710949928961,,
"Whitehorse, Yukon, Canada",,Canada,100,300,,,http://www.cbc.ca/news/canada/north/yellowknife-whitehorse-womens-march-washington-trump-1.3946185,https://twitter.com/dougrutherford/status/822966484112699392,
"Yellowknife, NWT, Canada",,Canada,100,130,,,http://www.cbc.ca/news/canada/north/yellowknife-whitehorse-womens-march-washington-trump-1.3946185,https://twitter.com/TheMooseCJCD/status/822924869830488065,
"Osaka, Japan",,Japan,,,,90,via email (JP),,
"Hanoi, Vietnam",,Vietnam,27,27,,,via email (JP),,
"Kassel, Germany",,Germany,100,100,,,https://www.facebook.com/savkassel/photos/pcb.1415782411787364/1415782091787396/?type=3&theater,,
"Aachen, Germany",,Germany,,,,,email/FB,,
"Bremerhaven, Germany",,Germany,30,30,,,email/FB,,
"Huntsville, Ontario, Canada",,Canada,30,30,,,https://doppleronline.ca/huntsville/sistermarch-huntsville-january-21/,,
"Lilongwe, Malawi",,Malawi,,,,,,,
"Stavanger, Norway",,Norway,,,,,,,
"Isla Mujeres, Mexico",,Mexico,5,5,,,headcount from FB photo,,
"Cuenca, Ecuador",,Ecuador,20,50,,,http://zeromagecuador.com/en/womens-march-in-cuenca-pussyhats-personal-stories-solidarity/,,
"Belfast, UK",,UK,200,300,,,http://www.bbc.com/news/uk-northern-ireland-38706509,https://twitter.com/ferguskelly/status/823158091227234304,
"Castlebar, Ireland",,Ireland,120,120,,,https://twitter.com/ClearyConnolly/status/823211366471372800,,
"Montpellier, France",,France,500,3000,,,"http://www.midilibre.fr/2017/01/21/montpellier-la-women-s-march-a-attire-la-foule,1456094.php",https://twitter.com/marienoellewurm/status/823147532524154880,https://t.co/dYoxYWZ13q
"Guelph, ON, Canada",,Canada,545,545,,,https://twitter.com/l2m2d2/status/823146333095792640,,
"Lusaka, Zambia",,Zambia,140,140,,,https://twitter.com/ZamWomenMarch/status/823124089950846976,,
"Songdo, South Korea",,South Korea,25,25,,,https://twitter.com/jodikittle/status/823105077095251970,,
"Shipley, UK",,UK,1400,1400,,,https://twitter.com/chickpeajones/status/822794953252282368,,
"Maadi Degla, Cairo, Egypt",,Egypt,4,4,,,https://twitter.com/ABHodgkins/status/823081344574115840,,
"Trondheim, Norway",,Norway,260,260,,,http://www.adressa.no/nyheter/trondheim/2017/01/21/280-marsjerte-i-Trondheims-gater-14095864.ece,,
"Phnom Penh, Cambodia",,Cambodia,,,,,https://twitter.com/TheFoolishFish/status/823198976463818752,,
"Rabat, Morocco",,Morocco,23,23,,,eyewitness onsite (also picture),,
"Ajijic, Mexico",,Mexico,,,,,,,
"San Pancho (San Francisco), Nayarit, Mexico",,Mexico,,,,,,,
"Riga, Latvia",,Latvia,200,200,,,http://www.lsm.lv/en/article/politics/women-march-against-trump-in-riga.a220203/,,
"Oranjestad, Aruba",,Aruba,1,1,,,https://twitter.com/rymey/status/823304054935867392,,
"Kingston, ON, Canada",,Canada,,,,,,,
Oaxaca,,Mexico,1000,2000,,,eyewitness,email citing transit police ,